BreastExam/	"[]"	"An error occurred (InvalidImageFormatException) when calling the DetectModerationLabels operation: Request has invalid image format"
BreastExam/dreamstimemaximum_103407046.jpg	"[{"name": "Emaciated Bodies", "parent_name": "Death and Emaciation"}, {"name": "Death and Emaciation", "parent_name": "Visually Disturbing"}, {"name": "Visually Disturbing", "parent_name": ""}]"	"None"
BreastExam/dreamstimemaximum_103761283.jpg	"[{"name": "Swimwear or Underwear", "parent_name": ""}, {"name": "Female Swimwear or Underwear", "parent_name": "Swimwear or Underwear"}]"	"None"
BreastExam/dreamstimemaximum_118626718.jpg	"[{"name": "Non-Explicit Nudity of Intimate parts and Kissing", "parent_name": ""}, {"name": "Obstructed Intimate Parts", "parent_name": "Non-Explicit Nudity of Intimate parts and Kissing"}, {"name": "Obstructed Female Nipple", "parent_name": "Obstructed Intimate Parts"}]"	"None"
BreastExam/dreamstimemaximum_133939417.jpg	"[]"	"None"
BreastExam/dreamstimemaximum_133939422.jpg	"[{"name": "Swimwear or Underwear", "parent_name": ""}, {"name": "Female Swimwear or Underwear", "parent_name": "Swimwear or Underwear"}, {"name": "Partially Exposed Female Breast", "parent_name": "Non-Explicit Nudity"}, {"name": "Non-Explicit Nudity of Intimate parts and Kissing", "parent_name": ""}, {"name": "Non-Explicit Nudity", "parent_name": "Non-Explicit Nudity of Intimate parts and Kissing"}]"	"None"
BreastExam/dreamstimemaximum_141522556.jpg	"[]"	"None"
BreastExam/dreamstimemaximum_173040953.jpg	"[{"name": "Implied Nudity", "parent_name": "Non-Explicit Nudity"}, {"name": "Non-Explicit Nudity of Intimate parts and Kissing", "parent_name": ""}, {"name": "Non-Explicit Nudity", "parent_name": "Non-Explicit Nudity of Intimate parts and Kissing"}]"	"None"
BreastExam/dreamstimemaximum_176675528.jpg	"[{"name": "Swimwear or Underwear", "parent_name": ""}, {"name": "Female Swimwear or Underwear", "parent_name": "Swimwear or Underwear"}]"	"None"
BreastExam/dreamstimemaximum_207123274.jpg	"[]"	"None"
BreastExam/dreamstimemaximum_20880761.jpg	"[{"name": "Non-Explicit Nudity of Intimate parts and Kissing", "parent_name": ""}, {"name": "Non-Explicit Nudity", "parent_name": "Non-Explicit Nudity of Intimate parts and Kissing"}, {"name": "Implied Nudity", "parent_name": "Non-Explicit Nudity"}]"	"None"
BreastExam/dreamstimemaximum_20880771.jpg	"[{"name": "Non-Explicit Nudity of Intimate parts and Kissing", "parent_name": ""}, {"name": "Non-Explicit Nudity", "parent_name": "Non-Explicit Nudity of Intimate parts and Kissing"}, {"name": "Implied Nudity", "parent_name": "Non-Explicit Nudity"}]"	"None"
BreastExam/dreamstimemaximum_20880777.jpg	"[{"name": "Non-Explicit Nudity of Intimate parts and Kissing", "parent_name": ""}, {"name": "Non-Explicit Nudity", "parent_name": "Non-Explicit Nudity of Intimate parts and Kissing"}, {"name": "Implied Nudity", "parent_name": "Non-Explicit Nudity"}]"	"None"
BreastExam/dreamstimemaximum_250259473.jpg	"[]"	"None"
BreastExam/dreamstimemaximum_250746467.jpg	"[{"name": "Non-Explicit Nudity of Intimate parts and Kissing", "parent_name": ""}, {"name": "Non-Explicit Nudity", "parent_name": "Non-Explicit Nudity of Intimate parts and Kissing"}, {"name": "Implied Nudity", "parent_name": "Non-Explicit Nudity"}]"	"None"
BreastExam/dreamstimemaximum_251647733.jpg	"[{"name": "Explicit", "parent_name": ""}, {"name": "Explicit Sexual Activity", "parent_name": "Explicit"}, {"name": "Exposed Female Nipple", "parent_name": "Explicit Nudity"}, {"name": "Explicit Nudity", "parent_name": "Explicit"}]"	"None"
BreastExam/dreamstimemaximum_251869704.jpg	"[]"	"None"
BreastExam/dreamstimemaximum_251940079.jpg	"[{"name": "Swimwear or Underwear", "parent_name": ""}, {"name": "Female Swimwear or Underwear", "parent_name": "Swimwear or Underwear"}, {"name": "Non-Explicit Nudity of Intimate parts and Kissing", "parent_name": ""}, {"name": "Non-Explicit Nudity", "parent_name": "Non-Explicit Nudity of Intimate parts and Kissing"}, {"name": "Partially Exposed Female Breast", "parent_name": "Non-Explicit Nudity"}]"	"None"
BreastExam/dreamstimemaximum_29774693.jpg	"[{"name": "Non-Explicit Nudity of Intimate parts and Kissing", "parent_name": ""}, {"name": "Non-Explicit Nudity", "parent_name": "Non-Explicit Nudity of Intimate parts and Kissing"}, {"name": "Implied Nudity", "parent_name": "Non-Explicit Nudity"}]"	"None"
BreastExam/dreamstimemaximum_331172607.jpg	"[]"	"None"
BreastExam/dreamstimemaximum_333223096.jpg	"[]"	"None"
BreastExam/dreamstimemaximum_345386762.jpg	"[]"	"None"
BreastExam/dreamstimemaximum_45316700.jpg	"[]"	"None"
BreastExam/dreamstimemaximum_49879334.jpg	"[{"name": "Swimwear or Underwear", "parent_name": ""}, {"name": "Female Swimwear or Underwear", "parent_name": "Swimwear or Underwear"}, {"name": "Non-Explicit Nudity of Intimate parts and Kissing", "parent_name": ""}, {"name": "Non-Explicit Nudity", "parent_name": "Non-Explicit Nudity of Intimate parts and Kissing"}, {"name": "Partially Exposed Female Breast", "parent_name": "Non-Explicit Nudity"}]"	"None"
BreastExam/dreamstimemaximum_51091477.jpg	"[{"name": "Swimwear or Underwear", "parent_name": ""}, {"name": "Female Swimwear or Underwear", "parent_name": "Swimwear or Underwear"}]"	"None"
BreastExam/dreamstimemaximum_55485205.jpg	"[]"	"None"
BreastExam/dreamstimemaximum_55510901.jpg	"[{"name": "Non-Explicit Nudity of Intimate parts and Kissing", "parent_name": ""}, {"name": "Non-Explicit Nudity", "parent_name": "Non-Explicit Nudity of Intimate parts and Kissing"}, {"name": "Implied Nudity", "parent_name": "Non-Explicit Nudity"}]"	"None"
BreastExam/dreamstimemaximum_55510905.jpg	"[{"name": "Non-Explicit Nudity of Intimate parts and Kissing", "parent_name": ""}, {"name": "Non-Explicit Nudity", "parent_name": "Non-Explicit Nudity of Intimate parts and Kissing"}, {"name": "Implied Nudity", "parent_name": "Non-Explicit Nudity"}]"	"None"
BreastExam/dreamstimemaximum_59736182.jpg	"[{"name": "Non-Explicit Nudity of Intimate parts and Kissing", "parent_name": ""}, {"name": "Non-Explicit Nudity", "parent_name": "Non-Explicit Nudity of Intimate parts and Kissing"}, {"name": "Partially Exposed Female Breast", "parent_name": "Non-Explicit Nudity"}, {"name": "Swimwear or Underwear", "parent_name": ""}, {"name": "Female Swimwear or Underwear", "parent_name": "Swimwear or Underwear"}]"	"None"
BreastExam/dreamstimemaximum_67192785.jpg	"[{"name": "Non-Explicit Nudity of Intimate parts and Kissing", "parent_name": ""}, {"name": "Non-Explicit Nudity", "parent_name": "Non-Explicit Nudity of Intimate parts and Kissing"}, {"name": "Partially Exposed Female Breast", "parent_name": "Non-Explicit Nudity"}, {"name": "Swimwear or Underwear", "parent_name": ""}, {"name": "Female Swimwear or Underwear", "parent_name": "Swimwear or Underwear"}]"	"None"
BreastExam/dreamstimemaximum_77807716.jpg	"[{"name": "Non-Explicit Nudity of Intimate parts and Kissing", "parent_name": ""}, {"name": "Non-Explicit Nudity", "parent_name": "Non-Explicit Nudity of Intimate parts and Kissing"}, {"name": "Implied Nudity", "parent_name": "Non-Explicit Nudity"}]"	"None"
BreastExam/dreamstimemaximum_77807936.jpg	"[{"name": "Non-Explicit Nudity of Intimate parts and Kissing", "parent_name": ""}, {"name": "Non-Explicit Nudity", "parent_name": "Non-Explicit Nudity of Intimate parts and Kissing"}, {"name": "Implied Nudity", "parent_name": "Non-Explicit Nudity"}]"	"None"
BreastExam/dreamstimemaximum_82163298.jpg	"[]"	"None"
BreastExam/dreamstimemaximum_88565794.jpg	"[]"	"None"
BreastExam/dreamstimemaximum_92860536.jpg	"[{"name": "Swimwear or Underwear", "parent_name": ""}, {"name": "Female Swimwear or Underwear", "parent_name": "Swimwear or Underwear"}]"	"None"
BreastExam/dreamstimemaximum_94306606.jpg	"[{"name": "Explicit", "parent_name": ""}, {"name": "Exposed Female Nipple", "parent_name": "Explicit Nudity"}, {"name": "Explicit Nudity", "parent_name": "Explicit"}]"	"None"
BreastExam/dreamstimemaximum_94323393.jpg	"[]"	"None"
BreastExam/dreamstimemaximum_94323528.jpg	"[{"name": "Non-Explicit Nudity of Intimate parts and Kissing", "parent_name": ""}, {"name": "Non-Explicit Nudity", "parent_name": "Non-Explicit Nudity of Intimate parts and Kissing"}, {"name": "Implied Nudity", "parent_name": "Non-Explicit Nudity"}]"	"None"
BreastExam/dreamstimemaximum_96797189.jpg	"[]"	"None"
Menstruation/1000_F_451766029_fVSr3e3wusvjAnbEpzCrmxKznINlFfeB.jpg	"[]"	"None"
Menstruation/PERIOD COMPANIES TESTING 160823 GettyImages-1298129183_L.jpg.webp	"[]"	"An error occurred (InvalidImageFormatException) when calling the DetectModerationLabels operation: Request has invalid image format"
Menstruation/What_are_heavy_periods_Kk8hREp.width-960.png	"[]"	"None"
Menstruation/dreamstimemaximum_154455681.jpg	"[]"	"None"
Menstruation/dreamstimemaximum_338892443.jpg	"[{"name": "Blood & Gore", "parent_name": "Graphic Violence"}, {"name": "Graphic Violence", "parent_name": "Violence"}, {"name": "Violence", "parent_name": ""}]"	"None"
Menstruation/dreamstimemaximum_338892460.jpg	"[{"name": "Blood & Gore", "parent_name": "Graphic Violence"}, {"name": "Graphic Violence", "parent_name": "Violence"}, {"name": "Violence", "parent_name": ""}]"	"None"
Menstruation/dreamstimemaximum_98178285.jpg	"[]"	"None"
Menstruation/images-6.jpeg	"[{"name": "Blood & Gore", "parent_name": "Graphic Violence"}, {"name": "Graphic Violence", "parent_name": "Violence"}, {"name": "Violence", "parent_name": ""}]"	"None"
Menstruation/pexels-karolina-grabowska-7691984-1024x682.webp	"[]"	"An error occurred (InvalidImageFormatException) when calling the DetectModerationLabels operation: Request has invalid image format"
Menstruation/pexels-karolina-grabowska-7692051.jpg	"[{"name": "Blood & Gore", "parent_name": "Graphic Violence"}, {"name": "Graphic Violence", "parent_name": "Violence"}, {"name": "Violence", "parent_name": ""}]"	"None"
PregnantNonSuggestive/	"[]"	"An error occurred (InvalidImageFormatException) when calling the DetectModerationLabels operation: Request has invalid image format"
PregnantNonSuggestive/52633490609_712333bf83_c.jpg	"[{"name": "Explicit", "parent_name": ""}, {"name": "Exposed Female Genitalia", "parent_name": "Explicit Nudity"}, {"name": "Explicit Nudity", "parent_name": "Explicit"}, {"name": "Exposed Buttocks or Anus", "parent_name": "Explicit Nudity"}, {"name": "Exposed Female Nipple", "parent_name": "Explicit Nudity"}]"	"None"
PregnantNonSuggestive/52707217985_a38351d2b2_c.jpg	"[{"name": "Explicit", "parent_name": ""}, {"name": "Exposed Female Nipple", "parent_name": "Explicit Nudity"}, {"name": "Explicit Nudity", "parent_name": "Explicit"}, {"name": "Exposed Male Genitalia", "parent_name": "Explicit Nudity"}, {"name": "Exposed Buttocks or Anus", "parent_name": "Explicit Nudity"}, {"name": "Non-Explicit Nudity of Intimate parts and Kissing", "parent_name": ""}, {"name": "Non-Explicit Nudity", "parent_name": "Non-Explicit Nudity of Intimate parts and Kissing"}, {"name": "Exposed Male Nipple", "parent_name": "Non-Explicit Nudity"}, {"name": "Bare Back", "parent_name": "Non-Explicit Nudity"}]"	"None"
PregnantNonSuggestive/52708859118_2e77fdebe1_c.jpg	"[{"name": "Explicit", "parent_name": ""}, {"name": "Exposed Female Nipple", "parent_name": "Explicit Nudity"}, {"name": "Explicit Nudity", "parent_name": "Explicit"}, {"name": "Explicit Sexual Activity", "parent_name": "Explicit"}, {"name": "Exposed Male Genitalia", "parent_name": "Explicit Nudity"}]"	"None"
PregnantNonSuggestive/dreamstimemaximum_13817581.jpg	"[]"	"None"
PregnantNonSuggestive/dreamstimemaximum_143921426.jpg	"[]"	"None"
PregnantNonSuggestive/dreamstimemaximum_170223200.jpg	"[{"name": "Swimwear or Underwear", "parent_name": ""}, {"name": "Female Swimwear or Underwear", "parent_name": "Swimwear or Underwear"}]"	"None"
PregnantNonSuggestive/dreamstimemaximum_170666310.jpg	"[]"	"None"
PregnantNonSuggestive/dreamstimemaximum_171000547.jpg	"[{"name": "Non-Explicit Nudity of Intimate parts and Kissing", "parent_name": ""}, {"name": "Non-Explicit Nudity", "parent_name": "Non-Explicit Nudity of Intimate parts and Kissing"}, {"name": "Partially Exposed Female Breast", "parent_name": "Non-Explicit Nudity"}, {"name": "Swimwear or Underwear", "parent_name": ""}, {"name": "Female Swimwear or Underwear", "parent_name": "Swimwear or Underwear"}]"	"None"
PregnantNonSuggestive/dreamstimemaximum_174915453.jpg	"[]"	"None"
PregnantNonSuggestive/dreamstimemaximum_175332402.jpg	"[{"name": "Non-Explicit Nudity of Intimate parts and Kissing", "parent_name": ""}, {"name": "Obstructed Intimate Parts", "parent_name": "Non-Explicit Nudity of Intimate parts and Kissing"}, {"name": "Obstructed Female Nipple", "parent_name": "Obstructed Intimate Parts"}, {"name": "Explicit", "parent_name": ""}, {"name": "Exposed Female Nipple", "parent_name": "Explicit Nudity"}, {"name": "Explicit Nudity", "parent_name": "Explicit"}]"	"None"
PregnantNonSuggestive/dreamstimemaximum_176436971.jpg	"[]"	"An error occurred (ImageTooLargeException) when calling the DetectModerationLabels operation: Image size in bytes: 37118616 is more than the maximum limit."
PregnantNonSuggestive/dreamstimemaximum_18674128.jpg	"[]"	"None"
PregnantNonSuggestive/dreamstimemaximum_19163285.jpg	"[]"	"None"
PregnantNonSuggestive/dreamstimemaximum_191989514.jpg	"[]"	"None"
PregnantNonSuggestive/dreamstimemaximum_19841990.jpg	"[{"name": "Swimwear or Underwear", "parent_name": ""}, {"name": "Female Swimwear or Underwear", "parent_name": "Swimwear or Underwear"}, {"name": "Non-Explicit Nudity of Intimate parts and Kissing", "parent_name": ""}, {"name": "Non-Explicit Nudity", "parent_name": "Non-Explicit Nudity of Intimate parts and Kissing"}, {"name": "Partially Exposed Female Breast", "parent_name": "Non-Explicit Nudity"}]"	"None"
PregnantNonSuggestive/dreamstimemaximum_200050027.jpg	"[]"	"None"
PregnantNonSuggestive/dreamstimemaximum_205466352.jpg	"[]"	"None"
PregnantNonSuggestive/dreamstimemaximum_2127757.jpg	"[{"name": "Swimwear or Underwear", "parent_name": ""}, {"name": "Female Swimwear or Underwear", "parent_name": "Swimwear or Underwear"}]"	"None"
PregnantNonSuggestive/dreamstimemaximum_220829392.jpg	"[]"	"None"
PregnantNonSuggestive/dreamstimemaximum_220969242.jpg	"[]"	"None"
PregnantNonSuggestive/dreamstimemaximum_22473712.jpg	"[]"	"None"
PregnantNonSuggestive/dreamstimemaximum_22985723.jpg	"[]"	"None"
PregnantNonSuggestive/dreamstimemaximum_238769191.jpg	"[]"	"None"
PregnantNonSuggestive/dreamstimemaximum_245637822.jpg	"[]"	"None"
PregnantNonSuggestive/dreamstimemaximum_247657500.jpg	"[]"	"None"
PregnantNonSuggestive/dreamstimemaximum_25107165.jpg	"[]"	"None"
PregnantNonSuggestive/dreamstimemaximum_252919253.jpg	"[]"	"None"
PregnantNonSuggestive/dreamstimemaximum_27467693.jpg	"[]"	"None"
PregnantNonSuggestive/dreamstimemaximum_281496398.jpg	"[{"name": "Swimwear or Underwear", "parent_name": ""}, {"name": "Female Swimwear or Underwear", "parent_name": "Swimwear or Underwear"}]"	"None"
PregnantNonSuggestive/dreamstimemaximum_283575797.jpg	"[]"	"None"
PregnantNonSuggestive/dreamstimemaximum_30888833.jpg	"[]"	"None"
PregnantNonSuggestive/dreamstimemaximum_331310501.jpg	"[]"	"None"
PregnantNonSuggestive/dreamstimemaximum_331310504.jpg	"[]"	"None"
PregnantNonSuggestive/dreamstimemaximum_340787798.jpg	"[{"name": "Swimwear or Underwear", "parent_name": ""}, {"name": "Female Swimwear or Underwear", "parent_name": "Swimwear or Underwear"}, {"name": "Non-Explicit Nudity of Intimate parts and Kissing", "parent_name": ""}, {"name": "Non-Explicit Nudity", "parent_name": "Non-Explicit Nudity of Intimate parts and Kissing"}, {"name": "Partially Exposed Female Breast", "parent_name": "Non-Explicit Nudity"}]"	"None"
PregnantNonSuggestive/dreamstimemaximum_36640291.jpg	"[]"	"None"
PregnantNonSuggestive/dreamstimemaximum_7490420.jpg	"[{"name": "Explicit", "parent_name": ""}, {"name": "Exposed Female Nipple", "parent_name": "Explicit Nudity"}, {"name": "Explicit Nudity", "parent_name": "Explicit"}, {"name": "Swimwear or Underwear", "parent_name": ""}, {"name": "Female Swimwear or Underwear", "parent_name": "Swimwear or Underwear"}]"	"None"
PregnantNonSuggestive/dreamstimemaximum_78918026.jpg	"[]"	"None"
PregnantNonSuggestive/febe-vanermen-4DwPLYd7Mnc-unsplash.jpg	"[]"	"None"
PregnantNonSuggestive/febe-vanermen-ZxBy3w9zFYQ-unsplash.jpg	"[]"	"None"
PregnantNonSuggestive/frankie-OCXzRZhsSNo-unsplash.jpg	"[{"name": "Swimwear or Underwear", "parent_name": ""}, {"name": "Female Swimwear or Underwear", "parent_name": "Swimwear or Underwear"}]"	"None"
PregnantNonSuggestive/gaelle-lewyllie-1xTZSDTGjCo-unsplash.jpg	"[]"	"None"
PregnantNonSuggestive/irina-rudnik-P-hfN4mH25k-unsplash.jpg	"[]"	"None"
PregnantNonSuggestive/jernej-graj-E-T2nKRB9fQ-unsplash.jpg	"[]"	"None"
PregnantNonSuggestive/john-schnobrich-UdGQW7RzuUM-unsplash.jpg	"[]"	"None"
PregnantNonSuggestive/jonathan-borba-H-5leKmiGW8-unsplash.jpg	"[{"name": "Swimwear or Underwear", "parent_name": ""}, {"name": "Female Swimwear or Underwear", "parent_name": "Swimwear or Underwear"}]"	"None"
PregnantNonSuggestive/lo-lindo-zqDVOZ23v7I-unsplash.jpg	"[]"	"None"
PregnantNonSuggestive/max-bohme-23QjOMIdLM4-unsplash.jpg	"[{"name": "Explicit", "parent_name": ""}, {"name": "Exposed Female Nipple", "parent_name": "Explicit Nudity"}, {"name": "Explicit Nudity", "parent_name": "Explicit"}]"	"None"
PregnantNonSuggestive/max-bohme-ZWgxlTjKQ4I-unsplash.jpg	"[]"	"None"
PregnantNonSuggestive/max-bohme-d4BvB5Yu5gg-unsplash.jpg	"[]"	"None"
PregnantNonSuggestive/max-bohme-njk-YmGZ-EM-unsplash.jpg	"[]"	"None"
PregnantNonSuggestive/rene-porter-LagGwBSSElY-unsplash.jpg	"[]"	"None"
PregnantSuggestive/	"[]"	"An error occurred (InvalidImageFormatException) when calling the DetectModerationLabels operation: Request has invalid image format"
PregnantSuggestive/042412_alessandra_gllery120424115945.jpg.webp	"[]"	"An error occurred (InvalidImageFormatException) when calling the DetectModerationLabels operation: Request has invalid image format"
PregnantSuggestive/51688590897_8fd9f1ff3d_z.jpg	"[{"name": "Non-Explicit Nudity of Intimate parts and Kissing", "parent_name": ""}, {"name": "Non-Explicit Nudity", "parent_name": "Non-Explicit Nudity of Intimate parts and Kissing"}, {"name": "Partially Exposed Female Breast", "parent_name": "Non-Explicit Nudity"}, {"name": "Swimwear or Underwear", "parent_name": ""}, {"name": "Female Swimwear or Underwear", "parent_name": "Swimwear or Underwear"}]"	"None"
PregnantSuggestive/64979795-dcb8.webp	"[]"	"An error occurred (InvalidImageFormatException) when calling the DetectModerationLabels operation: Request has invalid image format"
PregnantSuggestive/64ec8747-b405.webp	"[]"	"An error occurred (InvalidImageFormatException) when calling the DetectModerationLabels operation: Request has invalid image format"
PregnantSuggestive/7-MB-Harm-Reduction-13-08-2020-Pregnant-woman-naked-iStock-1001410306.jpg	"[{"name": "Explicit", "parent_name": ""}, {"name": "Exposed Female Nipple", "parent_name": "Explicit Nudity"}, {"name": "Explicit Nudity", "parent_name": "Explicit"}, {"name": "Exposed Buttocks or Anus", "parent_name": "Explicit Nudity"}]"	"None"
PregnantSuggestive/Pregnancy_Pictures_140807_003.jpg	"[{"name": "Non-Explicit Nudity of Intimate parts and Kissing", "parent_name": ""}, {"name": "Non-Explicit Nudity", "parent_name": "Non-Explicit Nudity of Intimate parts and Kissing"}, {"name": "Implied Nudity", "parent_name": "Non-Explicit Nudity"}]"	"None"
PregnantSuggestive/aHR0cDovL28uYW9sY2RuLmNvbS9oc3Mvc3RvcmFnZS9taWRhcy81MzNlMTU2NzYyM2M2ZTJhNTY5MTdkMDdlZGNkMGEyZi8yMDUwMjI2MzAvZ2FsbGVyeS0xNDg4ODM3NDA5LWNpYXJhLTcuanBn.jpeg	"[{"name": "Implied Nudity", "parent_name": "Non-Explicit Nudity"}, {"name": "Non-Explicit Nudity of Intimate parts and Kissing", "parent_name": ""}, {"name": "Non-Explicit Nudity", "parent_name": "Non-Explicit Nudity of Intimate parts and Kissing"}]"	"None"
PregnantSuggestive/andrea-bertozzini-Yv5NM-jlvy8-unsplash.jpg	"[{"name": "Explicit", "parent_name": ""}, {"name": "Explicit Sexual Activity", "parent_name": "Explicit"}]"	"None"
PregnantSuggestive/andrea-brambila-CkJmahzEAUw-unsplash.jpg	"[]"	"None"
PregnantSuggestive/beautiful-pregnancy-portraits-belly-photos.jpg	"[{"name": "Non-Explicit Nudity of Intimate parts and Kissing", "parent_name": ""}, {"name": "Non-Explicit Nudity", "parent_name": "Non-Explicit Nudity of Intimate parts and Kissing"}, {"name": "Implied Nudity", "parent_name": "Non-Explicit Nudity"}, {"name": "Bare Back", "parent_name": "Non-Explicit Nudity"}]"	"None"
PregnantSuggestive/dhwytbq-bbed31d4-d352-46ba-bce9-fc574e21463c.jpg	"[{"name": "Swimwear or Underwear", "parent_name": ""}, {"name": "Female Swimwear or Underwear", "parent_name": "Swimwear or Underwear"}]"	"None"
PregnantSuggestive/dreamstime_m_143437542.jpg	"[{"name": "Non-Explicit Nudity of Intimate parts and Kissing", "parent_name": ""}, {"name": "Non-Explicit Nudity", "parent_name": "Non-Explicit Nudity of Intimate parts and Kissing"}, {"name": "Partially Exposed Buttocks", "parent_name": "Non-Explicit Nudity"}, {"name": "Swimwear or Underwear", "parent_name": ""}, {"name": "Female Swimwear or Underwear", "parent_name": "Swimwear or Underwear"}]"	"None"
PregnantSuggestive/dreamstime_m_146191781.jpg	"[{"name": "Swimwear or Underwear", "parent_name": ""}, {"name": "Female Swimwear or Underwear", "parent_name": "Swimwear or Underwear"}]"	"None"
PregnantSuggestive/dreamstime_m_179640101.jpg	"[{"name": "Explicit", "parent_name": ""}, {"name": "Exposed Female Nipple", "parent_name": "Explicit Nudity"}, {"name": "Explicit Nudity", "parent_name": "Explicit"}, {"name": "Exposed Female Genitalia", "parent_name": "Explicit Nudity"}]"	"None"
PregnantSuggestive/dreamstime_m_328775612.jpg	"[{"name": "Non-Explicit Nudity of Intimate parts and Kissing", "parent_name": ""}, {"name": "Non-Explicit Nudity", "parent_name": "Non-Explicit Nudity of Intimate parts and Kissing"}, {"name": "Partially Exposed Female Breast", "parent_name": "Non-Explicit Nudity"}, {"name": "Swimwear or Underwear", "parent_name": ""}, {"name": "Female Swimwear or Underwear", "parent_name": "Swimwear or Underwear"}]"	"None"
PregnantSuggestive/dreamstime_m_328775614.jpg	"[{"name": "Non-Explicit Nudity of Intimate parts and Kissing", "parent_name": ""}, {"name": "Non-Explicit Nudity", "parent_name": "Non-Explicit Nudity of Intimate parts and Kissing"}, {"name": "Partially Exposed Female Breast", "parent_name": "Non-Explicit Nudity"}, {"name": "Swimwear or Underwear", "parent_name": ""}, {"name": "Female Swimwear or Underwear", "parent_name": "Swimwear or Underwear"}]"	"None"
PregnantSuggestive/dreamstimemaximum_145713360.jpg	"[{"name": "Partially Exposed Female Breast", "parent_name": "Non-Explicit Nudity"}, {"name": "Non-Explicit Nudity of Intimate parts and Kissing", "parent_name": ""}, {"name": "Non-Explicit Nudity", "parent_name": "Non-Explicit Nudity of Intimate parts and Kissing"}, {"name": "Swimwear or Underwear", "parent_name": ""}, {"name": "Female Swimwear or Underwear", "parent_name": "Swimwear or Underwear"}]"	"None"
PregnantSuggestive/dreamstimemaximum_180540265.jpg	"[]"	"None"
PregnantSuggestive/dreamstimemaximum_215259609.jpg	"[{"name": "Swimwear or Underwear", "parent_name": ""}, {"name": "Female Swimwear or Underwear", "parent_name": "Swimwear or Underwear"}]"	"None"
PregnantSuggestive/dreamstimemaximum_216642691.jpg	"[{"name": "Swimwear or Underwear", "parent_name": ""}, {"name": "Female Swimwear or Underwear", "parent_name": "Swimwear or Underwear"}, {"name": "Explicit", "parent_name": ""}, {"name": "Exposed Female Nipple", "parent_name": "Explicit Nudity"}, {"name": "Explicit Nudity", "parent_name": "Explicit"}]"	"None"
PregnantSuggestive/dreamstimemaximum_216642705.jpg	"[{"name": "Swimwear or Underwear", "parent_name": ""}, {"name": "Female Swimwear or Underwear", "parent_name": "Swimwear or Underwear"}, {"name": "Non-Explicit Nudity of Intimate parts and Kissing", "parent_name": ""}, {"name": "Non-Explicit Nudity", "parent_name": "Non-Explicit Nudity of Intimate parts and Kissing"}, {"name": "Partially Exposed Female Breast", "parent_name": "Non-Explicit Nudity"}]"	"None"
PregnantSuggestive/dreamstimemaximum_237018219.jpg	"[{"name": "Non-Explicit Nudity of Intimate parts and Kissing", "parent_name": ""}, {"name": "Non-Explicit Nudity", "parent_name": "Non-Explicit Nudity of Intimate parts and Kissing"}, {"name": "Partially Exposed Buttocks", "parent_name": "Non-Explicit Nudity"}, {"name": "Swimwear or Underwear", "parent_name": ""}, {"name": "Female Swimwear or Underwear", "parent_name": "Swimwear or Underwear"}]"	"None"
PregnantSuggestive/dreamstimemaximum_237018252.jpg	"[{"name": "Partially Exposed Buttocks", "parent_name": "Non-Explicit Nudity"}, {"name": "Non-Explicit Nudity of Intimate parts and Kissing", "parent_name": ""}, {"name": "Non-Explicit Nudity", "parent_name": "Non-Explicit Nudity of Intimate parts and Kissing"}, {"name": "Explicit", "parent_name": ""}, {"name": "Exposed Female Nipple", "parent_name": "Explicit Nudity"}, {"name": "Explicit Nudity", "parent_name": "Explicit"}, {"name": "Exposed Buttocks or Anus", "parent_name": "Explicit Nudity"}, {"name": "Swimwear or Underwear", "parent_name": ""}, {"name": "Female Swimwear or Underwear", "parent_name": "Swimwear or Underwear"}]"	"None"
PregnantSuggestive/dreamstimemaximum_237018648.jpg	"[{"name": "Non-Explicit Nudity of Intimate parts and Kissing", "parent_name": ""}, {"name": "Non-Explicit Nudity", "parent_name": "Non-Explicit Nudity of Intimate parts and Kissing"}, {"name": "Partially Exposed Female Breast", "parent_name": "Non-Explicit Nudity"}, {"name": "Swimwear or Underwear", "parent_name": ""}, {"name": "Female Swimwear or Underwear", "parent_name": "Swimwear or Underwear"}]"	"None"
PregnantSuggestive/dreamstimemaximum_243925236.jpg	"[{"name": "Non-Explicit Nudity of Intimate parts and Kissing", "parent_name": ""}, {"name": "Obstructed Intimate Parts", "parent_name": "Non-Explicit Nudity of Intimate parts and Kissing"}, {"name": "Obstructed Female Nipple", "parent_name": "Obstructed Intimate Parts"}]"	"None"
PregnantSuggestive/dreamstimemaximum_245024206.jpg	"[{"name": "Swimwear or Underwear", "parent_name": ""}, {"name": "Female Swimwear or Underwear", "parent_name": "Swimwear or Underwear"}]"	"None"
PregnantSuggestive/dreamstimemaximum_245024224.jpg	"[{"name": "Swimwear or Underwear", "parent_name": ""}, {"name": "Female Swimwear or Underwear", "parent_name": "Swimwear or Underwear"}, {"name": "Non-Explicit Nudity of Intimate parts and Kissing", "parent_name": ""}, {"name": "Non-Explicit Nudity", "parent_name": "Non-Explicit Nudity of Intimate parts and Kissing"}, {"name": "Partially Exposed Female Breast", "parent_name": "Non-Explicit Nudity"}]"	"None"
PregnantSuggestive/dreamstimemaximum_245024229.jpg	"[{"name": "Swimwear or Underwear", "parent_name": ""}, {"name": "Female Swimwear or Underwear", "parent_name": "Swimwear or Underwear"}]"	"None"
PregnantSuggestive/dreamstimemaximum_245024234.jpg	"[{"name": "Swimwear or Underwear", "parent_name": ""}, {"name": "Female Swimwear or Underwear", "parent_name": "Swimwear or Underwear"}, {"name": "Non-Explicit Nudity of Intimate parts and Kissing", "parent_name": ""}, {"name": "Non-Explicit Nudity", "parent_name": "Non-Explicit Nudity of Intimate parts and Kissing"}, {"name": "Partially Exposed Female Breast", "parent_name": "Non-Explicit Nudity"}]"	"None"
PregnantSuggestive/dreamstimemaximum_250938011.jpg	"[{"name": "Swimwear or Underwear", "parent_name": ""}, {"name": "Female Swimwear or Underwear", "parent_name": "Swimwear or Underwear"}]"	"None"
PregnantSuggestive/dreamstimemaximum_252919149.jpg	"[]"	"None"
PregnantSuggestive/dreamstimemaximum_253857570.jpg	"[{"name": "Non-Explicit Nudity of Intimate parts and Kissing", "parent_name": ""}, {"name": "Non-Explicit Nudity", "parent_name": "Non-Explicit Nudity of Intimate parts and Kissing"}, {"name": "Partially Exposed Buttocks", "parent_name": "Non-Explicit Nudity"}, {"name": "Swimwear or Underwear", "parent_name": ""}, {"name": "Female Swimwear or Underwear", "parent_name": "Swimwear or Underwear"}]"	"None"
PregnantSuggestive/gallery-1485745658-sexypregnant.jpg	"[]"	"None"
PregnantSuggestive/hotmilk-warrior-nursing-bra-jan-2024.jpg	"[{"name": "Swimwear or Underwear", "parent_name": ""}, {"name": "Female Swimwear or Underwear", "parent_name": "Swimwear or Underwear"}]"	"None"
PregnantSuggestive/images-2.jpeg	"[{"name": "Swimwear or Underwear", "parent_name": ""}, {"name": "Female Swimwear or Underwear", "parent_name": "Swimwear or Underwear"}, {"name": "Explicit", "parent_name": ""}, {"name": "Explicit Sexual Activity", "parent_name": "Explicit"}]"	"None"
PregnantSuggestive/isabela-martins-qBTx7REaI3U-unsplash.jpg	"[{"name": "Non-Explicit Nudity of Intimate parts and Kissing", "parent_name": ""}, {"name": "Non-Explicit Nudity", "parent_name": "Non-Explicit Nudity of Intimate parts and Kissing"}, {"name": "Implied Nudity", "parent_name": "Non-Explicit Nudity"}]"	"None"
PregnantSuggestive/lm-rihanna-lingerie-baby-bump-COMP.jpg.webp	"[]"	"An error occurred (InvalidImageFormatException) when calling the DetectModerationLabels operation: Request has invalid image format"
PregnantSuggestive/o-MATERNITY-PHOTOS-570.jpg	"[{"name": "Non-Explicit Nudity of Intimate parts and Kissing", "parent_name": ""}, {"name": "Non-Explicit Nudity", "parent_name": "Non-Explicit Nudity of Intimate parts and Kissing"}, {"name": "Implied Nudity", "parent_name": "Non-Explicit Nudity"}]"	"None"
PregnantSuggestive/pelayo-arbues-t0QCLo-Zwh0-unsplash(1).jpg	"[{"name": "Non-Explicit Nudity of Intimate parts and Kissing", "parent_name": ""}, {"name": "Non-Explicit Nudity", "parent_name": "Non-Explicit Nudity of Intimate parts and Kissing"}, {"name": "Implied Nudity", "parent_name": "Non-Explicit Nudity"}, {"name": "Swimwear or Underwear", "parent_name": ""}, {"name": "Female Swimwear or Underwear", "parent_name": "Swimwear or Underwear"}]"	"None"
PregnantSuggestive/sexy-pregnant-anita-lorenz.jpg	"[{"name": "Explicit", "parent_name": ""}, {"name": "Exposed Female Nipple", "parent_name": "Explicit Nudity"}, {"name": "Explicit Nudity", "parent_name": "Explicit"}, {"name": "Non-Explicit Nudity of Intimate parts and Kissing", "parent_name": ""}, {"name": "Non-Explicit Nudity", "parent_name": "Non-Explicit Nudity of Intimate parts and Kissing"}, {"name": "Implied Nudity", "parent_name": "Non-Explicit Nudity"}]"	"None"
ReproductiveHealth/	"[]"	"An error occurred (InvalidImageFormatException) when calling the DetectModerationLabels operation: Request has invalid image format"
ReproductiveHealth/dreamstimemaximum_130418430.jpg	"[]"	"None"
ReproductiveHealth/dreamstimemaximum_133657049.jpg	"[{"name": "Swimwear or Underwear", "parent_name": ""}, {"name": "Female Swimwear or Underwear", "parent_name": "Swimwear or Underwear"}]"	"None"
ReproductiveHealth/dreamstimemaximum_133657103.jpg	"[{"name": "Swimwear or Underwear", "parent_name": ""}, {"name": "Female Swimwear or Underwear", "parent_name": "Swimwear or Underwear"}]"	"None"
ReproductiveHealth/dreamstimemaximum_161360590.jpg	"[{"name": "Swimwear or Underwear", "parent_name": ""}, {"name": "Female Swimwear or Underwear", "parent_name": "Swimwear or Underwear"}]"	"None"
ReproductiveHealth/dreamstimemaximum_17944071.jpg	"[]"	"None"
ReproductiveHealth/dreamstimemaximum_27770157.jpg	"[{"name": "Non-Explicit Nudity of Intimate parts and Kissing", "parent_name": ""}, {"name": "Obstructed Intimate Parts", "parent_name": "Non-Explicit Nudity of Intimate parts and Kissing"}, {"name": "Obstructed Female Nipple", "parent_name": "Obstructed Intimate Parts"}]"	"None"
ReproductiveHealth/dreamstimemaximum_31050559.jpg	"[]"	"None"
ReproductiveHealth/dreamstimemaximum_31834984.jpg	"[]"	"None"
ReproductiveHealth/dreamstimemaximum_45400686.jpg	"[]"	"None"
Suggestive/9df32f5aa2e924d148d7e1a42e03ea8e.jpg	"[{"name": "Swimwear or Underwear", "parent_name": ""}, {"name": "Female Swimwear or Underwear", "parent_name": "Swimwear or Underwear"}, {"name": "Non-Explicit Nudity of Intimate parts and Kissing", "parent_name": ""}, {"name": "Non-Explicit Nudity", "parent_name": "Non-Explicit Nudity of Intimate parts and Kissing"}, {"name": "Partially Exposed Female Breast", "parent_name": "Non-Explicit Nudity"}]"	"None"
Suggestive/dreamstimemaximum_104089841.jpg	"[{"name": "Partially Exposed Buttocks", "parent_name": "Non-Explicit Nudity"}, {"name": "Non-Explicit Nudity of Intimate parts and Kissing", "parent_name": ""}, {"name": "Non-Explicit Nudity", "parent_name": "Non-Explicit Nudity of Intimate parts and Kissing"}, {"name": "Swimwear or Underwear", "parent_name": ""}, {"name": "Female Swimwear or Underwear", "parent_name": "Swimwear or Underwear"}]"	"None"
Suggestive/dreamstimemaximum_113797033(1).jpg	"[{"name": "Swimwear or Underwear", "parent_name": ""}, {"name": "Female Swimwear or Underwear", "parent_name": "Swimwear or Underwear"}, {"name": "Non-Explicit Nudity of Intimate parts and Kissing", "parent_name": ""}, {"name": "Non-Explicit Nudity", "parent_name": "Non-Explicit Nudity of Intimate parts and Kissing"}, {"name": "Partially Exposed Female Breast", "parent_name": "Non-Explicit Nudity"}]"	"None"
Suggestive/dreamstimemaximum_113797033.jpg	"[{"name": "Swimwear or Underwear", "parent_name": ""}, {"name": "Female Swimwear or Underwear", "parent_name": "Swimwear or Underwear"}, {"name": "Non-Explicit Nudity of Intimate parts and Kissing", "parent_name": ""}, {"name": "Non-Explicit Nudity", "parent_name": "Non-Explicit Nudity of Intimate parts and Kissing"}, {"name": "Partially Exposed Female Breast", "parent_name": "Non-Explicit Nudity"}]"	"None"
Suggestive/dreamstimemaximum_124998759.jpg	"[]"	"None"
Suggestive/dreamstimemaximum_140720311.jpg	"[{"name": "Non-Explicit Nudity of Intimate parts and Kissing", "parent_name": ""}, {"name": "Non-Explicit Nudity", "parent_name": "Non-Explicit Nudity of Intimate parts and Kissing"}, {"name": "Partially Exposed Female Breast", "parent_name": "Non-Explicit Nudity"}]"	"None"
Suggestive/dreamstimemaximum_150484592.jpg	"[{"name": "Non-Explicit Nudity of Intimate parts and Kissing", "parent_name": ""}, {"name": "Non-Explicit Nudity", "parent_name": "Non-Explicit Nudity of Intimate parts and Kissing"}, {"name": "Partially Exposed Buttocks", "parent_name": "Non-Explicit Nudity"}, {"name": "Swimwear or Underwear", "parent_name": ""}, {"name": "Female Swimwear or Underwear", "parent_name": "Swimwear or Underwear"}]"	"None"
Suggestive/dreamstimemaximum_194102913.jpg	"[{"name": "Non-Explicit Nudity of Intimate parts and Kissing", "parent_name": ""}, {"name": "Non-Explicit Nudity", "parent_name": "Non-Explicit Nudity of Intimate parts and Kissing"}, {"name": "Partially Exposed Buttocks", "parent_name": "Non-Explicit Nudity"}, {"name": "Swimwear or Underwear", "parent_name": ""}, {"name": "Female Swimwear or Underwear", "parent_name": "Swimwear or Underwear"}]"	"None"
Suggestive/dreamstimemaximum_194172586.jpg	"[{"name": "Swimwear or Underwear", "parent_name": ""}, {"name": "Female Swimwear or Underwear", "parent_name": "Swimwear or Underwear"}, {"name": "Non-Explicit Nudity of Intimate parts and Kissing", "parent_name": ""}, {"name": "Non-Explicit Nudity", "parent_name": "Non-Explicit Nudity of Intimate parts and Kissing"}, {"name": "Partially Exposed Female Breast", "parent_name": "Non-Explicit Nudity"}]"	"None"
Suggestive/dreamstimemaximum_196124562.jpg	"[]"	"An error occurred (ImageTooLargeException) when calling the DetectModerationLabels operation: Image size in bytes: 32892783 is more than the maximum limit."
Suggestive/dreamstimemaximum_25493792.jpg	"[]"	"None"
Suggestive/dreamstimemaximum_329846046.jpg	"[{"name": "Swimwear or Underwear", "parent_name": ""}, {"name": "Female Swimwear or Underwear", "parent_name": "Swimwear or Underwear"}]"	"None"
Suggestive/dreamstimemaximum_332083852.jpg	"[{"name": "Non-Explicit Nudity of Intimate parts and Kissing", "parent_name": ""}, {"name": "Non-Explicit Nudity", "parent_name": "Non-Explicit Nudity of Intimate parts and Kissing"}, {"name": "Partially Exposed Female Breast", "parent_name": "Non-Explicit Nudity"}, {"name": "Swimwear or Underwear", "parent_name": ""}, {"name": "Female Swimwear or Underwear", "parent_name": "Swimwear or Underwear"}]"	"None"
Suggestive/dreamstimemaximum_332083978.jpg	"[{"name": "Swimwear or Underwear", "parent_name": ""}, {"name": "Female Swimwear or Underwear", "parent_name": "Swimwear or Underwear"}, {"name": "Non-Explicit Nudity of Intimate parts and Kissing", "parent_name": ""}, {"name": "Non-Explicit Nudity", "parent_name": "Non-Explicit Nudity of Intimate parts and Kissing"}, {"name": "Partially Exposed Buttocks", "parent_name": "Non-Explicit Nudity"}]"	"None"
Suggestive/dreamstimemaximum_332084051.jpg	"[{"name": "Swimwear or Underwear", "parent_name": ""}, {"name": "Female Swimwear or Underwear", "parent_name": "Swimwear or Underwear"}, {"name": "Non-Explicit Nudity of Intimate parts and Kissing", "parent_name": ""}, {"name": "Non-Explicit Nudity", "parent_name": "Non-Explicit Nudity of Intimate parts and Kissing"}, {"name": "Partially Exposed Buttocks", "parent_name": "Non-Explicit Nudity"}]"	"None"
Suggestive/dreamstimemaximum_333708655.jpg	"[{"name": "Explicit", "parent_name": ""}, {"name": "Explicit Sexual Activity", "parent_name": "Explicit"}, {"name": "Non-Explicit Nudity of Intimate parts and Kissing", "parent_name": ""}, {"name": "Non-Explicit Nudity", "parent_name": "Non-Explicit Nudity of Intimate parts and Kissing"}, {"name": "Bare Back", "parent_name": "Non-Explicit Nudity"}]"	"None"
Suggestive/dreamstimemaximum_35583428.jpg	"[]"	"None"
Suggestive/dreamstimemaximum_54361287.jpg	"[{"name": "Swimwear or Underwear", "parent_name": ""}, {"name": "Female Swimwear or Underwear", "parent_name": "Swimwear or Underwear"}, {"name": "Non-Explicit Nudity of Intimate parts and Kissing", "parent_name": ""}, {"name": "Non-Explicit Nudity", "parent_name": "Non-Explicit Nudity of Intimate parts and Kissing"}, {"name": "Partially Exposed Female Breast", "parent_name": "Non-Explicit Nudity"}]"	"None"
Suggestive/dreamstimemaximum_95400104.jpg	"[{"name": "Swimwear or Underwear", "parent_name": ""}, {"name": "Female Swimwear or Underwear", "parent_name": "Swimwear or Underwear"}, {"name": "Non-Explicit Nudity of Intimate parts and Kissing", "parent_name": ""}, {"name": "Non-Explicit Nudity", "parent_name": "Non-Explicit Nudity of Intimate parts and Kissing"}, {"name": "Partially Exposed Female Breast", "parent_name": "Non-Explicit Nudity"}]"	"None"
Suggestive/dreamstimemaximum_9601220.jpg	"[{"name": "Non-Explicit Nudity of Intimate parts and Kissing", "parent_name": ""}, {"name": "Non-Explicit Nudity", "parent_name": "Non-Explicit Nudity of Intimate parts and Kissing"}, {"name": "Implied Nudity", "parent_name": "Non-Explicit Nudity"}]"	"None"
Suggestive/dreamstimemaximum_96835820.jpg	"[{"name": "Non-Explicit Nudity of Intimate parts and Kissing", "parent_name": ""}, {"name": "Non-Explicit Nudity", "parent_name": "Non-Explicit Nudity of Intimate parts and Kissing"}, {"name": "Partially Exposed Buttocks", "parent_name": "Non-Explicit Nudity"}, {"name": "Swimwear or Underwear", "parent_name": ""}, {"name": "Female Swimwear or Underwear", "parent_name": "Swimwear or Underwear"}]"	"None"
Suggestive/houcine-ncib-XZx0OG1StJI-unsplash.jpg	"[{"name": "Non-Explicit Nudity of Intimate parts and Kissing", "parent_name": ""}, {"name": "Non-Explicit Nudity", "parent_name": "Non-Explicit Nudity of Intimate parts and Kissing"}, {"name": "Partially Exposed Female Breast", "parent_name": "Non-Explicit Nudity"}, {"name": "Swimwear or Underwear", "parent_name": ""}, {"name": "Female Swimwear or Underwear", "parent_name": "Swimwear or Underwear"}]"	"None"
Suggestive/witchkingblogs-a342dujcO74-unsplash.jpg	"[]"	"None"
WomensHealthGeneral/	"[]"	"An error occurred (InvalidImageFormatException) when calling the DetectModerationLabels operation: Request has invalid image format"
WomensHealthGeneral/dreamstimemaximum_104624786.jpg	"[{"name": "Swimwear or Underwear", "parent_name": ""}, {"name": "Female Swimwear or Underwear", "parent_name": "Swimwear or Underwear"}]"	"None"
WomensHealthGeneral/dreamstimemaximum_107708831.jpg	"[]"	"None"
WomensHealthGeneral/dreamstimemaximum_112035349(1).jpg	"[]"	"None"
WomensHealthGeneral/dreamstimemaximum_112035349.jpg	"[]"	"None"
WomensHealthGeneral/dreamstimemaximum_115683068.jpg	"[{"name": "Swimwear or Underwear", "parent_name": ""}, {"name": "Female Swimwear or Underwear", "parent_name": "Swimwear or Underwear"}, {"name": "Non-Explicit Nudity of Intimate parts and Kissing", "parent_name": ""}, {"name": "Non-Explicit Nudity", "parent_name": "Non-Explicit Nudity of Intimate parts and Kissing"}, {"name": "Partially Exposed Female Breast", "parent_name": "Non-Explicit Nudity"}]"	"None"
WomensHealthGeneral/dreamstimemaximum_117110685.jpg	"[]"	"None"
WomensHealthGeneral/dreamstimemaximum_121070767.jpg	"[{"name": "Swimwear or Underwear", "parent_name": ""}, {"name": "Female Swimwear or Underwear", "parent_name": "Swimwear or Underwear"}]"	"None"
WomensHealthGeneral/dreamstimemaximum_134398623.jpg	"[]"	"None"
WomensHealthGeneral/dreamstimemaximum_147152548.jpg	"[]"	"None"
WomensHealthGeneral/dreamstimemaximum_147473639.jpg	"[]"	"None"
WomensHealthGeneral/dreamstimemaximum_148035281.jpg	"[]"	"None"
WomensHealthGeneral/dreamstimemaximum_148035283.jpg	"[]"	"None"
WomensHealthGeneral/dreamstimemaximum_148035284.jpg	"[]"	"None"
WomensHealthGeneral/dreamstimemaximum_148999817.jpg	"[]"	"None"
WomensHealthGeneral/dreamstimemaximum_152997667.jpg	"[]"	"None"
WomensHealthGeneral/dreamstimemaximum_157466670.jpg	"[]"	"An error occurred (ImageTooLargeException) when calling the DetectModerationLabels operation: Image size in bytes: 32486353 is more than the maximum limit."
WomensHealthGeneral/dreamstimemaximum_159193200.jpg	"[{"name": "Swimwear or Underwear", "parent_name": ""}, {"name": "Female Swimwear or Underwear", "parent_name": "Swimwear or Underwear"}]"	"None"
WomensHealthGeneral/dreamstimemaximum_161594218.jpg	"[{"name": "Swimwear or Underwear", "parent_name": ""}, {"name": "Female Swimwear or Underwear", "parent_name": "Swimwear or Underwear"}, {"name": "Non-Explicit Nudity of Intimate parts and Kissing", "parent_name": ""}, {"name": "Non-Explicit Nudity", "parent_name": "Non-Explicit Nudity of Intimate parts and Kissing"}, {"name": "Partially Exposed Buttocks", "parent_name": "Non-Explicit Nudity"}]"	"None"
WomensHealthGeneral/dreamstimemaximum_164090993.jpg	"[]"	"None"
WomensHealthGeneral/dreamstimemaximum_165473986.jpg	"[{"name": "Swimwear or Underwear", "parent_name": ""}, {"name": "Female Swimwear or Underwear", "parent_name": "Swimwear or Underwear"}, {"name": "Non-Explicit Nudity of Intimate parts and Kissing", "parent_name": ""}, {"name": "Non-Explicit Nudity", "parent_name": "Non-Explicit Nudity of Intimate parts and Kissing"}, {"name": "Partially Exposed Buttocks", "parent_name": "Non-Explicit Nudity"}]"	"None"
WomensHealthGeneral/dreamstimemaximum_186108022.jpg	"[]"	"None"
WomensHealthGeneral/dreamstimemaximum_202950479.jpg	"[]"	"An error occurred (ImageTooLargeException) when calling the DetectModerationLabels operation: Image size in bytes: 42823648 is more than the maximum limit."
WomensHealthGeneral/dreamstimemaximum_2046787.jpg	"[]"	"None"
WomensHealthGeneral/dreamstimemaximum_20682371.jpg	"[]"	"None"
WomensHealthGeneral/dreamstimemaximum_23492375.jpg	"[{"name": "Non-Explicit Nudity of Intimate parts and Kissing", "parent_name": ""}, {"name": "Non-Explicit Nudity", "parent_name": "Non-Explicit Nudity of Intimate parts and Kissing"}, {"name": "Bare Back", "parent_name": "Non-Explicit Nudity"}, {"name": "Implied Nudity", "parent_name": "Non-Explicit Nudity"}]"	"None"
WomensHealthGeneral/dreamstimemaximum_278810109.jpg	"[{"name": "Non-Explicit Nudity of Intimate parts and Kissing", "parent_name": ""}, {"name": "Non-Explicit Nudity", "parent_name": "Non-Explicit Nudity of Intimate parts and Kissing"}, {"name": "Partially Exposed Female Breast", "parent_name": "Non-Explicit Nudity"}]"	"None"
WomensHealthGeneral/dreamstimemaximum_31399026.jpg	"[{"name": "Non-Explicit Nudity of Intimate parts and Kissing", "parent_name": ""}, {"name": "Non-Explicit Nudity", "parent_name": "Non-Explicit Nudity of Intimate parts and Kissing"}, {"name": "Bare Back", "parent_name": "Non-Explicit Nudity"}]"	"None"
WomensHealthGeneral/dreamstimemaximum_329519549.jpg	"[]"	"None"
WomensHealthGeneral/dreamstimemaximum_331439279.jpg	"[]"	"None"
WomensHealthGeneral/dreamstimemaximum_33420240.jpg	"[{"name": "Swimwear or Underwear", "parent_name": ""}, {"name": "Female Swimwear or Underwear", "parent_name": "Swimwear or Underwear"}, {"name": "Non-Explicit Nudity of Intimate parts and Kissing", "parent_name": ""}, {"name": "Non-Explicit Nudity", "parent_name": "Non-Explicit Nudity of Intimate parts and Kissing"}, {"name": "Partially Exposed Buttocks", "parent_name": "Non-Explicit Nudity"}]"	"None"
WomensHealthGeneral/dreamstimemaximum_33420421.jpg	"[{"name": "Swimwear or Underwear", "parent_name": ""}, {"name": "Female Swimwear or Underwear", "parent_name": "Swimwear or Underwear"}]"	"None"
WomensHealthGeneral/dreamstimemaximum_335528173.jpg	"[]"	"None"
WomensHealthGeneral/dreamstimemaximum_33650657.jpg	"[]"	"None"
WomensHealthGeneral/dreamstimemaximum_339334637.jpg	"[{"name": "Swimwear or Underwear", "parent_name": ""}, {"name": "Female Swimwear or Underwear", "parent_name": "Swimwear or Underwear"}]"	"None"
WomensHealthGeneral/dreamstimemaximum_340831720.jpg	"[]"	"None"
WomensHealthGeneral/dreamstimemaximum_34424730.jpg	"[{"name": "Partially Exposed Buttocks", "parent_name": "Non-Explicit Nudity"}, {"name": "Non-Explicit Nudity of Intimate parts and Kissing", "parent_name": ""}, {"name": "Non-Explicit Nudity", "parent_name": "Non-Explicit Nudity of Intimate parts and Kissing"}, {"name": "Swimwear or Underwear", "parent_name": ""}, {"name": "Female Swimwear or Underwear", "parent_name": "Swimwear or Underwear"}]"	"None"
WomensHealthGeneral/dreamstimemaximum_44603509.jpg	"[]"	"None"
WomensHealthGeneral/dreamstimemaximum_49421817.jpg	"[]"	"None"
WomensHealthGeneral/dreamstimemaximum_53153107.jpg	"[{"name": "Swimwear or Underwear", "parent_name": ""}, {"name": "Female Swimwear or Underwear", "parent_name": "Swimwear or Underwear"}]"	"None"
WomensHealthGeneral/dreamstimemaximum_60190897.jpg	"[{"name": "Swimwear or Underwear", "parent_name": ""}, {"name": "Female Swimwear or Underwear", "parent_name": "Swimwear or Underwear"}, {"name": "Non-Explicit Nudity of Intimate parts and Kissing", "parent_name": ""}, {"name": "Non-Explicit Nudity", "parent_name": "Non-Explicit Nudity of Intimate parts and Kissing"}, {"name": "Partially Exposed Female Breast", "parent_name": "Non-Explicit Nudity"}]"	"None"
WomensHealthGeneral/dreamstimemaximum_65002178.jpg	"[]"	"None"
WomensHealthGeneral/dreamstimemaximum_65002226.jpg	"[]"	"None"
WomensHealthGeneral/dreamstimemaximum_66171633.jpg	"[]"	"None"
WomensHealthGeneral/dreamstimemaximum_91040422.jpg	"[]"	"None"
WomensHealthGeneral/dreamstimemaximum_94306461.jpg	"[]"	"None"
WomensHealthGeneral/dreamstimemaximum_97457121.jpg	"[{"name": "Swimwear or Underwear", "parent_name": ""}, {"name": "Female Swimwear or Underwear", "parent_name": "Swimwear or Underwear"}, {"name": "Non-Explicit Nudity of Intimate parts and Kissing", "parent_name": ""}, {"name": "Non-Explicit Nudity", "parent_name": "Non-Explicit Nudity of Intimate parts and Kissing"}, {"name": "Partially Exposed Buttocks", "parent_name": "Non-Explicit Nudity"}]"	"None"
WomensHealthGeneral/dreamstimemaximum_97457127.jpg	"[{"name": "Swimwear or Underwear", "parent_name": ""}, {"name": "Female Swimwear or Underwear", "parent_name": "Swimwear or Underwear"}]"	"None"
WomensHealthGeneral/dreamstimemaximum_97457146(1).jpg	"[{"name": "Swimwear or Underwear", "parent_name": ""}, {"name": "Female Swimwear or Underwear", "parent_name": "Swimwear or Underwear"}, {"name": "Non-Explicit Nudity of Intimate parts and Kissing", "parent_name": ""}, {"name": "Non-Explicit Nudity", "parent_name": "Non-Explicit Nudity of Intimate parts and Kissing"}, {"name": "Partially Exposed Buttocks", "parent_name": "Non-Explicit Nudity"}]"	"None"
WomensHealthGeneral/dreamstimemaximum_97457146.jpg	"[{"name": "Swimwear or Underwear", "parent_name": ""}, {"name": "Female Swimwear or Underwear", "parent_name": "Swimwear or Underwear"}, {"name": "Non-Explicit Nudity of Intimate parts and Kissing", "parent_name": ""}, {"name": "Non-Explicit Nudity", "parent_name": "Non-Explicit Nudity of Intimate parts and Kissing"}, {"name": "Partially Exposed Buttocks", "parent_name": "Non-Explicit Nudity"}]"	"None"
