ReproductiveHealth/dreamstimemaximum_45400686.jpg	{"adult": "POSSIBLE", "medical": "LIKELY", "spoofed": "VERY_UNLIKELY", "violence": "UNLIKELY", "racy": "VERY_LIKELY"}
WomensHealthGeneral/dreamstimemaximum_148999817.jpg	{"adult": "VERY_UNLIKELY", "medical": "UNLIKELY", "spoofed": "VERY_UNLIKELY", "violence": "UNLIKELY", "racy": "LIKELY"}
WomensHealthGeneral/dreamstimemaximum_165473986.jpg	{"adult": "UNLIKELY", "medical": "UNLIKELY", "spoofed": "VERY_UNLIKELY", "violence": "VERY_UNLIKELY", "racy": "VERY_LIKELY"}
WomensHealthGeneral/dreamstimemaximum_121070767.jpg	{"adult": "POSSIBLE", "medical": "LIKELY", "spoofed": "UNLIKELY", "violence": "UNLIKELY", "racy": "VERY_LIKELY"}
WomensHealthGeneral/dreamstimemaximum_97457146.jpg	{"adult": "UNLIKELY", "medical": "VERY_LIKELY", "spoofed": "UNLIKELY", "violence": "UNLIKELY", "racy": "VERY_LIKELY"}
WomensHealthGeneral/dreamstimemaximum_331439279.jpg	{"adult": "UNLIKELY", "medical": "VERY_UNLIKELY", "spoofed": "UNLIKELY", "violence": "VERY_UNLIKELY", "racy": "LIKELY"}
WomensHealthGeneral/dreamstimemaximum_148035283.jpg	{"adult": "UNLIKELY", "medical": "VERY_UNLIKELY", "spoofed": "VERY_UNLIKELY", "violence": "VERY_UNLIKELY", "racy": "VERY_LIKELY"}
WomensHealthGeneral/dreamstimemaximum_20682371.jpg	{"adult": "VERY_UNLIKELY", "medical": "UNLIKELY", "spoofed": "VERY_UNLIKELY", "violence": "VERY_UNLIKELY", "racy": "UNLIKELY"}
WomensHealthGeneral/dreamstimemaximum_147152548.jpg	{"adult": "VERY_UNLIKELY", "medical": "UNLIKELY", "spoofed": "VERY_UNLIKELY", "violence": "VERY_UNLIKELY", "racy": "POSSIBLE"}
WomensHealthGeneral/dreamstimemaximum_115683068.jpg	{"adult": "LIKELY", "medical": "VERY_LIKELY", "spoofed": "VERY_UNLIKELY", "violence": "VERY_UNLIKELY", "racy": "VERY_LIKELY"}
Suggestive/dreamstimemaximum_96835820.jpg	{"adult": "UNLIKELY", "medical": "POSSIBLE", "spoofed": "UNLIKELY", "violence": "VERY_UNLIKELY", "racy": "VERY_LIKELY"}
Suggestive/dreamstimemaximum_140720311.jpg	{"adult": "UNLIKELY", "medical": "UNLIKELY", "spoofed": "VERY_UNLIKELY", "violence": "UNLIKELY", "racy": "VERY_LIKELY"}
Suggestive/dreamstimemaximum_194102913.jpg	{"adult": "UNLIKELY", "medical": "POSSIBLE", "spoofed": "VERY_UNLIKELY", "violence": "VERY_UNLIKELY", "racy": "VERY_LIKELY"}
Suggestive/dreamstimemaximum_113797033.jpg	{"adult": "UNLIKELY", "medical": "UNLIKELY", "spoofed": "VERY_UNLIKELY", "violence": "UNLIKELY", "racy": "VERY_LIKELY"}
PregnantNonSuggestive/dreamstimemaximum_191989514.jpg	{"adult": "VERY_UNLIKELY", "medical": "VERY_UNLIKELY", "spoofed": "VERY_UNLIKELY", "violence": "VERY_UNLIKELY", "racy": "UNLIKELY"}
PregnantNonSuggestive/dreamstimemaximum_283575797.jpg	{"adult": "VERY_UNLIKELY", "medical": "UNLIKELY", "spoofed": "VERY_UNLIKELY", "violence": "VERY_UNLIKELY", "racy": "UNLIKELY"}
PregnantNonSuggestive/max-bohme-3j3of277RT0-unsplash.jpg	{"adult": "POSSIBLE", "medical": "LIKELY", "spoofed": "UNLIKELY", "violence": "UNLIKELY", "racy": "VERY_LIKELY"}
PregnantNonSuggestive/rene-porter-LagGwBSSElY-unsplash.jpg	{"adult": "UNLIKELY", "medical": "POSSIBLE", "spoofed": "VERY_UNLIKELY", "violence": "VERY_UNLIKELY", "racy": "POSSIBLE"}
PregnantNonSuggestive/raspopova-marina-DoBuAVCg_Do-unsplash.jpg	{"adult": "VERY_UNLIKELY", "medical": "POSSIBLE", "spoofed": "VERY_UNLIKELY", "violence": "UNLIKELY", "racy": "UNLIKELY"}
PregnantNonSuggestive/sierra-koder-18fVqLZ7Ghw-unsplash.jpg	{"adult": "POSSIBLE", "medical": "UNLIKELY", "spoofed": "VERY_UNLIKELY", "violence": "UNLIKELY", "racy": "LIKELY"}
PregnantNonSuggestive/max-bohme-23QjOMIdLM4-unsplash.jpg	{"adult": "POSSIBLE", "medical": "UNLIKELY", "spoofed": "UNLIKELY", "violence": "VERY_UNLIKELY", "racy": "VERY_LIKELY"}
PregnantNonSuggestive/anna-deli-X-TcNKHso4s-unsplash.jpg	{"adult": "UNLIKELY", "medical": "UNLIKELY", "spoofed": "UNLIKELY", "violence": "UNLIKELY", "racy": "VERY_LIKELY"}
PregnantNonSuggestive/dreamstimemaximum_281496398.jpg	{"adult": "POSSIBLE", "medical": "UNLIKELY", "spoofed": "VERY_UNLIKELY", "violence": "VERY_UNLIKELY", "racy": "VERY_LIKELY"}
PregnantNonSuggestive/dreamstimemaximum_36640291.jpg	{"adult": "UNLIKELY", "medical": "POSSIBLE", "spoofed": "VERY_UNLIKELY", "violence": "UNLIKELY", "racy": "VERY_LIKELY"}
PregnantNonSuggestive/jernej-graj-WmsnqCK9Jzg-unsplash.jpg	{"adult": "POSSIBLE", "medical": "UNLIKELY", "spoofed": "VERY_UNLIKELY", "violence": "VERY_UNLIKELY", "racy": "VERY_LIKELY"}
PregnantNonSuggestive/thiago-ferreira-HwFm1MNKzXg-unsplash.jpg	{"adult": "VERY_UNLIKELY", "medical": "UNLIKELY", "spoofed": "VERY_UNLIKELY", "violence": "UNLIKELY", "racy": "POSSIBLE"}
PregnantNonSuggestive/max-bohme-d4BvB5Yu5gg-unsplash.jpg	{"adult": "VERY_LIKELY", "medical": "LIKELY", "spoofed": "VERY_UNLIKELY", "violence": "UNLIKELY", "racy": "VERY_LIKELY"}
PregnantNonSuggestive/dreamstimemaximum_175332402.jpg	{"adult": "VERY_UNLIKELY", "medical": "UNLIKELY", "spoofed": "VERY_UNLIKELY", "violence": "VERY_UNLIKELY", "racy": "LIKELY"}
PregnantNonSuggestive/tracy-truhan-U5Jc1Cfz228-unsplash.jpg	{"adult": "UNLIKELY", "medical": "VERY_UNLIKELY", "spoofed": "VERY_UNLIKELY", "violence": "UNLIKELY", "racy": "POSSIBLE"}
PregnantNonSuggestive/dreamstimemaximum_170223200.jpg	{"adult": "UNLIKELY", "medical": "POSSIBLE", "spoofed": "VERY_UNLIKELY", "violence": "UNLIKELY", "racy": "VERY_LIKELY"}
PregnantNonSuggestive/dragos-gontariu-bqG4F5RBqoQ-unsplash.jpg	{"adult": "POSSIBLE", "medical": "POSSIBLE", "spoofed": "UNLIKELY", "violence": "UNLIKELY", "racy": "VERY_LIKELY"}
PregnantNonSuggestive/toa-heftiba-cHmKxSne48k-unsplash.jpg	{"adult": "POSSIBLE", "medical": "VERY_UNLIKELY", "spoofed": "UNLIKELY", "violence": "POSSIBLE", "racy": "VERY_LIKELY"}
PregnantNonSuggestive/tony-luginsland-rqCP3-1Apas-unsplash.jpg	{"adult": "UNLIKELY", "medical": "UNLIKELY", "spoofed": "VERY_UNLIKELY", "violence": "VERY_UNLIKELY", "racy": "VERY_LIKELY"}
PregnantNonSuggestive/andre-adjahoe-tqunk3qB_yU-unsplash.jpg	{"adult": "UNLIKELY", "medical": "UNLIKELY", "spoofed": "VERY_UNLIKELY", "violence": "VERY_UNLIKELY", "racy": "LIKELY"}
PregnantNonSuggestive/anna-deli-aV1yYGcK1jU-unsplash.jpg	{"adult": "UNLIKELY", "medical": "UNLIKELY", "spoofed": "VERY_UNLIKELY", "violence": "VERY_UNLIKELY", "racy": "POSSIBLE"}
PregnantNonSuggestive/ignacio-campo-FKOjXAbJWlw-unsplash.jpg	{"adult": "UNLIKELY", "medical": "POSSIBLE", "spoofed": "UNLIKELY", "violence": "UNLIKELY", "racy": "VERY_LIKELY"}
PregnantNonSuggestive/leticia-pelissari-cWrQHdPANnc-unsplash.jpg	{"adult": "LIKELY", "medical": "POSSIBLE", "spoofed": "VERY_UNLIKELY", "violence": "VERY_UNLIKELY", "racy": "VERY_LIKELY"}
PregnantSuggestive/dreamstimemaximum_216642668.jpg	{"adult": "UNLIKELY", "medical": "UNLIKELY", "spoofed": "VERY_UNLIKELY", "violence": "VERY_UNLIKELY", "racy": "VERY_LIKELY"}
PregnantSuggestive/dreamstime_m_143437542.jpg	{"adult": "UNLIKELY", "medical": "UNLIKELY", "spoofed": "UNLIKELY", "violence": "UNLIKELY", "racy": "VERY_LIKELY"}
PregnantSuggestive/dreamstimemaximum_245024234.jpg	{"adult": "UNLIKELY", "medical": "UNLIKELY", "spoofed": "VERY_UNLIKELY", "violence": "VERY_UNLIKELY", "racy": "VERY_LIKELY"}
PregnantSuggestive/dreamstimemaximum_237018648.jpg	{"adult": "UNLIKELY", "medical": "UNLIKELY", "spoofed": "VERY_UNLIKELY", "violence": "UNLIKELY", "racy": "VERY_LIKELY"}
PregnantSuggestive/dreamstime_m_146191781.jpg	{"adult": "UNLIKELY", "medical": "VERY_UNLIKELY", "spoofed": "VERY_UNLIKELY", "violence": "VERY_UNLIKELY", "racy": "VERY_LIKELY"}
PregnantSuggestive/dreamstimemaximum_250938011.jpg	{"adult": "UNLIKELY", "medical": "UNLIKELY", "spoofed": "UNLIKELY", "violence": "UNLIKELY", "racy": "LIKELY"}
PregnantSuggestive/dreamstimemaximum_145713360.jpg	{"adult": "VERY_LIKELY", "medical": "POSSIBLE", "spoofed": "UNLIKELY", "violence": "VERY_UNLIKELY", "racy": "VERY_LIKELY"}
PregnantSuggestive/Pregnancy_Pictures_140807_003.jpg	{"adult": "POSSIBLE", "medical": "POSSIBLE", "spoofed": "VERY_UNLIKELY", "violence": "UNLIKELY", "racy": "VERY_LIKELY"}
PregnantSuggestive/images-2.jpg	{"adult": "UNLIKELY", "medical": "UNLIKELY", "spoofed": "UNLIKELY", "violence": "VERY_UNLIKELY", "racy": "VERY_LIKELY"}
PregnantSuggestive/dreamstime_m_328775612.jpg	{"adult": "UNLIKELY", "medical": "UNLIKELY", "spoofed": "UNLIKELY", "violence": "UNLIKELY", "racy": "VERY_LIKELY"}
PregnantSuggestive/hotmilk-warrior-nursing-bra-jan-2024.jpg	{"adult": "VERY_UNLIKELY", "medical": "UNLIKELY", "spoofed": "UNLIKELY", "violence": "VERY_UNLIKELY", "racy": "VERY_LIKELY"}
PregnantSuggestive/dreamstime_m_179640101.jpg	{"adult": "UNLIKELY", "medical": "UNLIKELY", "spoofed": "VERY_UNLIKELY", "violence": "UNLIKELY", "racy": "LIKELY"}
PregnantSuggestive/dreamstimemaximum_253857570.jpg	{"adult": "UNLIKELY", "medical": "UNLIKELY", "spoofed": "VERY_UNLIKELY", "violence": "VERY_UNLIKELY", "racy": "LIKELY"}
PregnantSuggestive/dreamstimemaximum_245024206.jpg	{"adult": "POSSIBLE", "medical": "UNLIKELY", "spoofed": "VERY_UNLIKELY", "violence": "VERY_UNLIKELY", "racy": "VERY_LIKELY"}
BreastExam/dreamstimemaximum_94323393.jpg	{"adult": "UNLIKELY", "medical": "UNLIKELY", "spoofed": "VERY_UNLIKELY", "violence": "VERY_UNLIKELY", "racy": "POSSIBLE"}
BreastExam/dreamstimemaximum_207123274.jpg	{"adult": "UNLIKELY", "medical": "LIKELY", "spoofed": "UNLIKELY", "violence": "UNLIKELY", "racy": "VERY_LIKELY"}
BreastExam/dreamstimemaximum_250259473.jpg	{"adult": "POSSIBLE", "medical": "POSSIBLE", "spoofed": "UNLIKELY", "violence": "VERY_UNLIKELY", "racy": "VERY_LIKELY"}
BreastExam/dreamstimemaximum_94306606.jpg	{"adult": "LIKELY", "medical": "UNLIKELY", "spoofed": "VERY_UNLIKELY", "violence": "VERY_UNLIKELY", "racy": "VERY_LIKELY"}
BreastExam/dreamstimemaximum_59736182.jpg	{"adult": "VERY_UNLIKELY", "medical": "LIKELY", "spoofed": "UNLIKELY", "violence": "VERY_UNLIKELY", "racy": "VERY_LIKELY"}
BreastExam/dreamstimemaximum_96797189.jpg	{"adult": "VERY_UNLIKELY", "medical": "UNLIKELY", "spoofed": "VERY_UNLIKELY", "violence": "VERY_UNLIKELY", "racy": "POSSIBLE"}
BreastExam/dreamstimemaximum_133939417.jpg	{"adult": "UNLIKELY", "medical": "LIKELY", "spoofed": "POSSIBLE", "violence": "UNLIKELY", "racy": "LIKELY"}
